{
  "name": "market2",
  "type": "ARM",
  "dependenceList": [],
  "srcDirs": [],
  "virtualFolder": {
    "name": "<virtual_root>",
    "files": [],
    "folders": [
      {
        "name": "start",
        "files": [
          {
            "path": "start/core_cm3.c"
          },
          {
            "path": "start/core_cm3.h"
          },
          {
            "path": "start/startup_stm32f10x_hd.s"
          },
          {
            "path": "start/stm32f10x.h"
          },
          {
            "path": "start/system_stm32f10x.c"
          },
          {
            "path": "start/system_stm32f10x.h"
          }
        ],
        "folders": []
      },
      {
        "name": "library",
        "files": [
          {
            "path": "library/src/misc.c"
          },
          {
            "path": "library/src/stm32f10x_adc.c"
          },
          {
            "path": "library/src/stm32f10x_bkp.c"
          },
          {
            "path": "library/src/stm32f10x_can.c"
          },
          {
            "path": "library/src/stm32f10x_cec.c"
          },
          {
            "path": "library/src/stm32f10x_crc.c"
          },
          {
            "path": "library/src/stm32f10x_dac.c"
          },
          {
            "path": "library/src/stm32f10x_dbgmcu.c"
          },
          {
            "path": "library/src/stm32f10x_dma.c"
          },
          {
            "path": "library/src/stm32f10x_exti.c"
          },
          {
            "path": "library/src/stm32f10x_flash.c"
          },
          {
            "path": "library/src/stm32f10x_fsmc.c"
          },
          {
            "path": "library/src/stm32f10x_gpio.c"
          },
          {
            "path": "library/src/stm32f10x_i2c.c"
          },
          {
            "path": "library/src/stm32f10x_iwdg.c"
          },
          {
            "path": "library/src/stm32f10x_pwr.c"
          },
          {
            "path": "library/src/stm32f10x_rcc.c"
          },
          {
            "path": "library/src/stm32f10x_rtc.c"
          },
          {
            "path": "library/src/stm32f10x_sdio.c"
          },
          {
            "path": "library/src/stm32f10x_spi.c"
          },
          {
            "path": "library/src/stm32f10x_tim.c"
          },
          {
            "path": "library/src/stm32f10x_usart.c"
          },
          {
            "path": "library/src/stm32f10x_wwdg.c"
          },
          {
            "path": "library/inc/misc.h"
          },
          {
            "path": "library/inc/stm32f10x_adc.h"
          },
          {
            "path": "library/inc/stm32f10x_bkp.h"
          },
          {
            "path": "library/inc/stm32f10x_can.h"
          },
          {
            "path": "library/inc/stm32f10x_cec.h"
          },
          {
            "path": "library/inc/stm32f10x_crc.h"
          },
          {
            "path": "library/inc/stm32f10x_dac.h"
          },
          {
            "path": "library/inc/stm32f10x_dbgmcu.h"
          },
          {
            "path": "library/inc/stm32f10x_dma.h"
          },
          {
            "path": "library/inc/stm32f10x_exti.h"
          },
          {
            "path": "library/inc/stm32f10x_flash.h"
          },
          {
            "path": "library/inc/stm32f10x_fsmc.h"
          },
          {
            "path": "library/inc/stm32f10x_gpio.h"
          },
          {
            "path": "library/inc/stm32f10x_i2c.h"
          },
          {
            "path": "library/inc/stm32f10x_iwdg.h"
          },
          {
            "path": "library/inc/stm32f10x_pwr.h"
          },
          {
            "path": "library/inc/stm32f10x_rcc.h"
          },
          {
            "path": "library/inc/stm32f10x_rtc.h"
          },
          {
            "path": "library/inc/stm32f10x_sdio.h"
          },
          {
            "path": "library/inc/stm32f10x_spi.h"
          },
          {
            "path": "library/inc/stm32f10x_tim.h"
          },
          {
            "path": "library/inc/stm32f10x_usart.h"
          },
          {
            "path": "library/inc/stm32f10x_wwdg.h"
          }
        ],
        "folders": []
      },
      {
        "name": "user",
        "files": [
          {
            "path": "user/main.c"
          },
          {
            "path": "user/stm32f10x_conf.h"
          },
          {
            "path": "user/stm32f10x_it.c"
          },
          {
            "path": "user/stm32f10x_it.h"
          }
        ],
        "folders": []
      },
      {
        "name": "hardware",
        "files": [
          {
            "path": "hardware/Delay.c"
          },
          {
            "path": "hardware/Delay.h"
          },
          {
            "path": "hardware/key.c"
          },
          {
            "path": "hardware/key.h"
          },
          {
            "path": "hardware/Motor.c"
          },
          {
            "path": "hardware/Motor.h"
          },
          {
            "path": "hardware/Motor_Init.c"
          },
          {
            "path": "hardware/Motor_Init.h"
          },
          {
            "path": "hardware/usart.c"
          },
          {
            "path": "hardware/usart.h"
          },
          {
            "path": "hardware/MPU6050.c"
          },
          {
            "path": "hardware/MPU6050.h"
          },
          {
            "path": "hardware/OLED_Data.c"
          },
          {
            "path": "hardware/OLED_Data.h"
          },
          {
            "path": "hardware/OLED1.c"
          },
          {
            "path": "hardware/OLED1.h"
          },
          {
            "path": "hardware/task.h"
          },
          {
            "path": "hardware/test.h"
          },
          {
            "path": "hardware/test.c"
          },
          {
            "path": "hardware/delay2.c"
          },
          {
            "path": "hardware/delay2.h"
          }
        ],
        "folders": []
      }
    ]
  },
  "outDir": "build",
  "deviceName": null,
  "packDir": null,
  "miscInfo": {
    "uid": "d6423b92f983da211e9a9424ee4ce725"
  },
  "targets": {
    "Target 1": {
      "excludeList": [],
      "toolchain": "AC5",
      "compileConfig": {
        "cpuType": "Cortex-M3",
        "floatingPointHardware": "none",
        "scatterFilePath": "",
        "useCustomScatterFile": false,
        "storageLayout": {
          "RAM": [
            {
              "tag": "RAM",
              "id": 1,
              "mem": {
                "startAddr": "0x0",
                "size": "0x0"
              },
              "isChecked": false,
              "noInit": false
            },
            {
              "tag": "RAM",
              "id": 2,
              "mem": {
                "startAddr": "0x0",
                "size": "0x0"
              },
              "isChecked": false,
              "noInit": false
            },
            {
              "tag": "RAM",
              "id": 3,
              "mem": {
                "startAddr": "0x0",
                "size": "0x0"
              },
              "isChecked": false,
              "noInit": false
            },
            {
              "tag": "IRAM",
              "id": 1,
              "mem": {
                "startAddr": "0x20000000",
                "size": "0x10000"
              },
              "isChecked": true,
              "noInit": false
            },
            {
              "tag": "IRAM",
              "id": 2,
              "mem": {
                "startAddr": "0x0",
                "size": "0x0"
              },
              "isChecked": false,
              "noInit": false
            }
          ],
          "ROM": [
            {
              "tag": "ROM",
              "id": 1,
              "mem": {
                "startAddr": "0x0",
                "size": "0x0"
              },
              "isChecked": false,
              "isStartup": false
            },
            {
              "tag": "ROM",
              "id": 2,
              "mem": {
                "startAddr": "0x0",
                "size": "0x0"
              },
              "isChecked": false,
              "isStartup": false
            },
            {
              "tag": "ROM",
              "id": 3,
              "mem": {
                "startAddr": "0x0",
                "size": "0x0"
              },
              "isChecked": false,
              "isStartup": false
            },
            {
              "tag": "IROM",
              "id": 1,
              "mem": {
                "startAddr": "0x8000000",
                "size": "0x80000"
              },
              "isChecked": true,
              "isStartup": true
            },
            {
              "tag": "IROM",
              "id": 2,
              "mem": {
                "startAddr": "0x0",
                "size": "0x0"
              },
              "isChecked": false,
              "isStartup": false
            }
          ]
        },
        "options": "null"
      },
      "uploader": "JLink",
      "uploadConfig": {
        "bin": "",
        "baseAddr": "",
        "cpuInfo": {
          "vendor": "null",
          "cpuName": "null"
        },
        "proType": 1,
        "speed": 8000,
        "otherCmds": ""
      },
      "uploadConfigMap": {},
      "custom_dep": {
        "name": "default",
        "incList": [
          "hardware",
          "library/inc",
          "library/src",
          "start",
          "user",
          ".cmsis/include",
          "RTE/_Target 1"
        ],
        "libList": [],
        "defineList": [
          "USE_STDPERIPH_DRIVER"
        ]
      },
      "builderOptions": {
        "AC5": {
          "version": 4,
          "beforeBuildTasks": [],
          "afterBuildTasks": [],
          "global": {
            "use-microLIB": true,
            "output-debug-info": "enable"
          },
          "c/cpp-compiler": {
            "optimization": "level-0",
            "one-elf-section-per-function": true,
            "c99-mode": true,
            "C_FLAGS": "--diag_suppress=1 --diag_suppress=1295",
            "CXX_FLAGS": "--diag_suppress=1 --diag_suppress=1295",
            "warnings": "all-warnings",
            "gnu-extensions": true
          },
          "asm-compiler": {},
          "linker": {
            "output-format": "elf",
            "xo-base": "",
            "ro-base": "0x08000000",
            "rw-base": "0x20000000"
          }
        }
      }
    }
  },
  "version": "3.5"
}